id,time,direction,grade,composite,entry,sl,tp1,rr1,outcome,r_result,closed_at,note
260821-0641-BB,2026-08-21T06:41:15.667730+00:00,BUY,B,59.5,4565.49,4522.06,4630.63,1.5,LOSS,-1.0,2026-08-21T07:00:00+00:00,
260821-1309-BB,2026-08-21T13:09:21.017813+00:00,BUY,B,56.9,4581.8,4536.44,4649.86,1.5,TIMEOUT,0.58,2026-08-23T13:00:00+00:00,48j tanpa TP/SL
260821-1546-BB,2026-08-21T15:46:53.658242+00:00,BUY,B,62.2,4610.22,4561.95,4682.61,1.5,TIMEOUT,-0.04,2026-08-23T15:00:00+00:00,48j tanpa TP/SL
260821-2038-BB,2026-08-21T20:38:45.645722+00:00,BUY,B,56.0,4611.06,4567.39,4676.56,1.5,TIMEOUT,-0.17,2026-08-23T20:00:00+00:00,48j tanpa TP/SL
260824-0156-BB,2026-08-24T01:56:32.361114+00:00,BUY,B,60.5,4625.11,4605.55,4654.44,1.5,WIN,1.5,2026-08-24T02:00:00+00:00,
260824-2242-BC,2026-08-24T22:42:37.901992+00:00,BUY,C,55.3,4660.91,4625.22,4714.44,1.5,LOSS,-1.0,2026-08-25T02:00:00+00:00,
260825-1140-BB,2026-08-25T11:40:59.944568+00:00,BUY,B,40.5,4644.32,4624.71,4683.31,1.99,LOSS,-1.0,2026-08-25T13:00:00+00:00,
260825-1558-BB,2026-08-25T15:58:11.286061+00:00,BUY,B,43.7,4650.03,4624.01,4695.94,1.76,LOSS,-1.0,2026-08-26T08:00:00+00:00,
260825-2044-BB,2026-08-25T20:44:14.781812+00:00,BUY,B,52.1,4660.83,4624.71,4715.01,1.5,LOSS,-1.0,2026-08-26T08:00:00+00:00,
260903-1836-BA,2026-09-03T18:36:21.869863+00:00,BUY,A,51.8,4479.43,4453.17,4518.83,1.5,LOSS,-1.0,2026-09-04T12:00:00+00:00,
260916-2007-SB,2026-09-16T20:07:37.272697+00:00,SELL,B,-41.8,4271.94,4308.03,4217.8,1.5,LOSS,-1.0,2026-09-17T01:00:00+00:00,
260924-1000-SB,2026-09-24T10:00:35.591849+00:00,SELL,B,-60.1,4254.32,4291.82,4198.07,1.5,LOSS,-1.0,2026-09-25T01:00:00+00:00,
260925-0747-SC,2026-09-25T07:47:52.587183+00:00,SELL,C,-46.2,4278.56,4293.83,4255.65,1.5,LOSS,-1.0,2026-09-25T08:00:00+00:00,
260925-1346-SB,2026-09-25T13:46:47.687989+00:00,SELL,B,-50.3,4279.53,4295.37,4255.76,1.5,WIN,1.5,2026-09-25T14:00:00+00:00,
260925-1836-SC,2026-09-25T18:36:13.864818+00:00,SELL,C,-54.7,4291.24,4307.08,4263.88,1.73,PENDING,0.0,,baru 47.4 jam berjalan
260929-0829-SC,2026-09-29T08:29:33.674568+00:00,SELL,C,-41.5,4141.4,4175.31,4090.54,1.5,LOSS,-1.0,2026-09-29T14:00:00+00:00,
260929-2046-SC,2026-09-29T20:46:38.967430+00:00,SELL,C,-40.9,4183.52,4219.61,4122.69,1.69,LOSS,-1.0,2026-09-30T12:00:00+00:00,
260930-0642-SC,2026-09-30T06:42:45.842291+00:00,SELL,C,-55.7,4180.1,4192.64,4142.2,3.02,LOSS,-1.0,2026-09-30T07:00:00+00:00,
260930-1342-SC,2026-09-30T13:42:45.131817+00:00,SELL,C,-55.5,4186.04,4207.05,4142.2,2.09,WIN,2.09,2026-10-01T00:00:00+00:00,
260930-1919-SB,2026-09-30T19:19:13.680518+00:00,SELL,B,-76.8,4150.74,4175.42,4113.03,1.53,LOSS,-1.0,2026-10-01T03:00:00+00:00,
260930-2348-SB,2026-09-30T23:48:34.725800+00:00,SELL,B,-67.5,4153.93,4175.36,4113.15,1.9,LOSS,-1.0,2026-10-01T03:00:00+00:00,
261001-0552-SC,2026-10-01T05:52:16.183601+00:00,SELL,C,-50.1,4187.19,4206.27,4147.23,2.09,WIN,2.09,2026-10-02T01:00:00+00:00,
261001-1312-SC,2026-10-01T13:12:59.585326+00:00,SELL,C,-46.0,4174.91,4191.96,4147.23,1.62,WIN,1.62,2026-10-02T01:00:00+00:00,
261001-1855-SC,2026-10-01T18:55:36.060202+00:00,SELL,C,-48.7,4176.61,4193.83,4150.53,1.51,WIN,1.51,2026-10-02T01:00:00+00:00,
261001-2312-SC,2026-10-01T23:12:50.895447+00:00,SELL,C,-47.1,4178.57,4194.31,4149.77,1.83,WIN,1.83,2026-10-02T01:00:00+00:00,
261002-0218-SA,2026-10-02T02:18:33.784845+00:00,SELL,A,-60.7,4157.51,4175.69,4122.69,1.91,LOSS,-1.0,2026-10-02T03:00:00+00:00,
261002-1616-SB,2026-10-02T16:16:22.741360+00:00,SELL,B,-64.2,4135.51,4177.7,4072.24,1.5,PENDING,0.0,,baru 37.7 jam berjalan
